{
  "model": "HuggingFaceTB/SmolLM-135M",
  "results": [
    {
      "ppl": 18.872955627475644,
      "nll": 2.9377299781418964,
      "n_tokens": 32736,
      "sec": 8.414295208000112,
      "method": "FP32",
      "bits": 32,
      "calib_sec": 0.0,
      "eval_sec": 8.414295208000112
    },
    {
      "ppl": 26.604963997757388,
      "nll": 3.281097814834013,
      "n_tokens": 32736,
      "sec": 8.465070708014537,
      "method": "RTN",
      "bits": 4,
      "calib_sec": 0.18569395801750943,
      "eval_sec": 8.465070708014537
    },
    {
      "ppl": 21.54561096070707,
      "nll": 3.0701721280900616,
      "n_tokens": 32736,
      "sec": 7.874251834000461,
      "method": "TRIAD",
      "bits": 4,
      "calib_sec": 210.6725188330165,
      "eval_sec": 7.874251834000461
    }
  ],
  "eval_tokens": 32768
}