{
  "model": "HuggingFaceTB/SmolLM-135M",
  "results": [
    {
      "ppl": 18.872955627475644,
      "nll": 2.9377299781418964,
      "n_tokens": 32736,
      "sec": 8.622668375028297,
      "method": "FP32",
      "bits": 32,
      "calib_sec": 0.0,
      "eval_sec": 8.622668375028297
    },
    {
      "ppl": 26.604963997757388,
      "nll": 3.281097814834013,
      "n_tokens": 32736,
      "sec": 8.533889667014591,
      "method": "RTN",
      "bits": 4,
      "calib_sec": 0.15468854102073237,
      "eval_sec": 8.533889667014591
    },
    {
      "ppl": 21.506457944681483,
      "nll": 3.068353259551793,
      "n_tokens": 32736,
      "sec": 8.815345958049875,
      "method": "TRIAD",
      "bits": 4,
      "calib_sec": 227.7524839999969,
      "eval_sec": 8.815345958049875
    }
  ],
  "eval_tokens": 32768
}