{
  "model": "HuggingFaceTB/SmolLM-135M",
  "results": [
    {
      "ppl": 18.872955627475644,
      "nll": 2.9377299781418964,
      "n_tokens": 32736,
      "sec": 10.845801041985396,
      "method": "FP32",
      "bits": 32,
      "calib_sec": 0.0,
      "eval_sec": 10.845801041985396
    },
    {
      "ppl": 26.604963997757388,
      "nll": 3.281097814834013,
      "n_tokens": 32736,
      "sec": 8.74967116699554,
      "method": "RTN",
      "bits": 4,
      "calib_sec": 0.5718570839962922,
      "eval_sec": 8.74967116699554
    },
    {
      "ppl": 149.61799391449324,
      "nll": 5.00808533848439,
      "n_tokens": 32736,
      "sec": 10.811854875006247,
      "method": "TRIAD",
      "bits": 4,
      "calib_sec": 259.41582895896863,
      "eval_sec": 10.811854875006247
    }
  ],
  "eval_tokens": 32768
}